genus,species_epithet,c1,c2,c3,c4,c5,c6,c7,c8,c9,c10,c11,c12,c13,c14,c15,c16,c17,c18,c19,c20,c21,c22,c23,c24,c25,c26,c27,c28,c29,ca1,ca5,ca6,ca7,ca8,ca9,ca14
„Fibulapollis“,scabratus,4,0,0,0,0,2,1,5,1,3,0,?,1,0,?,?,?,0,?,1,0,0,2,?,?,?,?,?,?,1,0,2,0,3,0,0
„Momipites“,parvus,9,0,0,?,0,2,1,2,?,?,0,?,1,?,?,0,?,?,?,?,?,?,0,?,0,?,?,0,0,4,0,2,0,2,?,?
„Pandaniidites“,typicus,8,?,0,0,0,?,?,?,?,?,0,?,1,0,?,3,?,?,?,?,?,?,1,?,?,?,?,?,?,?,0,?,?,?,?,0
Aesculiidites,circumstriatus,4,2,0,0,0,1,0,0,1,?,?,?,1,0,?,5,?,?,?,?,?,?,0,?,?,?,?,?,?,1,0,1,1,1,0,0
Aff. Tricolpites,crassimurus (Doyle and Robbins 1977),4,2,0,?,0,?,?,0,1,?,?,?,1,0,?,6,?,1,1,?,?,?,?,?,?,?,?,?,?,1,0,?,?,1,0,0
Alnipollenites,trina,9,0,0,0,0,2,1,2,?,?,0,?,1,0,?,0,?,?,?,?,?,?,1,0,0,1,0,0,0,4,0,2,0,2,?,0
Alnipollenites,verus,A,0,0,0,0,4,1,2,?,?,0,?,1,0,?,0,?,?,?,?,?,?,1,0,?,1,0,0,0,4,0,3,0,2,?,0
Aquilapollenites,aptus,4,0,0,0,0,2,1,4,1,3,?,?,1,1,1,?,?,?,?,1,3,0,?,?,?,?,?,?,?,1,0,2,0,3,0,1
Aquilapollenites,attenuatus,4,0,0,0,0,2,?,4,2,2,1,?,1,0,?,6,?,1,?,1,3,0,2,?,?,?,?,?,?,1,0,2,?,3,1,0
Aquilapollenites,bertillonites,4,0,0,0,0,2,?,4,1,2,?,?,1,0,?,5,?,?,?,?,?,1,?,?,?,?,?,?,?,1,0,2,?,3,0,0
Aquilapollenites,catenreticulatus,4,0,0,0,0,2,2,4,2,2,3,?,1,?,?,6,?,1,1,?,?,2,2,?,?,?,?,?,?,1,0,2,1,3,1,?
Aquilapollenites,clarireticulatus,4,0,0,1,0,2,2,4,2,3,1,?,1,1,3,6,?,1,2,0,?,1,2,?,?,?,?,?,?,1,0,2,1,3,1,1
Aquilapollenites,collaris,4,0,0,0,0,2,2,5,2,2,1,?,1,1,0,6,?,1,1,1,3,0,?,?,?,?,?,?,?,1,0,2,1,3,1,1
Aquilapollenites,conatus,4,0,0,0,0,2,2,4,2,2,?,?,1,0,?,?,?,0,?,1,6,0,?,?,?,?,?,?,?,1,0,2,1,3,1,0
Aquilapollenites,delicatus,4,0,0,0,0,2,2,5,2,2,2,?,1,1,3,6,?,1,2,1,3,0,2,?,?,?,?,?,?,1,0,2,1,3,1,1
Aquilapollenites,polaris,4,0,0,0,0,2,?,5,1,3,?,?,1,0,?,6,?,1,0,1,3,0,2,?,?,?,?,?,?,1,0,2,?,3,0,0
Aquilapollenites,pyriformis,4,?,0,0,0,2,?,6,1,3,?,?,1,1,3,5,?,?,?,?,?,0,2,?,?,?,?,?,?,1,0,2,?,3,0,1
Aquilapollenites,quadrilobus,4,0,0,0,0,2,?,5,?,2,1,0,1,1,0,6,?,1,0,1,3,0,2,?,?,?,?,?,?,1,0,2,?,3,?,1
Aquilapollenites,reductus,4,2,0,0,0,2,1,4,2,1,1,?,1,1,5,6,?,1,2,0,?,1,?,?,?,?,?,?,?,1,0,2,0,3,1,1
Aquilapollenites,reticulatus,4,2,0,0,0,2,1,4,2,?,?,?,1,1,2,6,?,1,2,?,?,2,?,?,?,?,?,?,?,1,0,2,0,3,1,1
Aquilapollenites,senonicus,4,0,0,0,0,2,2,5,1,?,?,?,1,1,5,6,?,?,2,?,?,1,2,?,?,?,?,?,?,1,0,2,1,3,0,1
Aquilapollenites,stelckii,4,?,0,?,0,2,1,4,1,2,?,?,1,1,?,6,?,1,2,?,?,0,?,?,?,?,?,?,?,1,0,2,0,3,0,1
Aquilapollenites,trialatus trialatus,4,2,0,0,0,2,2,4,2,0,?,?,1,1,?,6,?,1,2,0,?,1,?,?,?,?,?,?,?,1,0,2,1,3,1,1
Aquilapollenites,trialatus uniformis,4,2,0,0,0,2,2,4,1,3,?,?,1,0,?,6,?,1,?,?,?,1,?,?,?,?,?,?,?,1,0,2,1,3,0,0
Aquilapollenites,turbidus,4,0,0,0,0,2,2,4,1,2,1,?,1,1,1,6,?,1,0,1,3,0,2,?,?,?,?,?,?,1,0,2,1,3,0,1
Arecipites,columellus,1,?,0,0,0,0,1,2,?,?,1,0,1,0,?,6,0,1,0,0,?,?,0,?,?,?,?,?,?,0,0,0,0,0,?,0
Arecipites,tenuiexinous,1,?,0,0,0,0,1,?,?,?,0,?,1,0,?,6,?,?,2,?,?,?,0,?,?,?,?,?,?,0,0,0,0,?,?,0
Artiopollis,indivisus,4,0,0,0,1,3,?,?,?,?,2,0,1,0,?,6,?,1,1,?,?,?,0,?,?,?,?,?,?,1,1,2,?,?,?,0
Artiopollis,praecox,4,0,0,0,1,1,1,?,?,?,2,0,1,0,?,6,?,1,1,?,?,?,0,?,?,?,?,?,?,1,1,1,0,?,?,0
Asteropollis,asteroides,2,?,0,0,0,1,1,2,?,?,1,1,1,0,?,6,0,1,1,0,?,?,?,?,?,?,?,?,?,1,0,1,0,0,?,0
Asteropollis,clavatus,3,?,0,0,0,1,1,2,?,?,1,0,1,0,?,6,?,1,?,?,?,?,?,?,?,?,?,?,?,1,0,1,0,0,?,0
Asteropollis,vulgaris,2,?,0,0,0,1,?,?,?,?,1,0,1,0,?,6,0,1,2,?,?,?,0,?,?,?,?,?,?,1,0,1,?,0,?,0
Atlantopollis,verrucosus,9,0,0,0,0,2,1,3,?,?,?,?,1,?,?,?,?,?,?,?,?,?,1,?,?,0,0,?,0,4,0,2,0,3,?,?
Brenneripollis,gracilis,1,?,0,0,0,0,1,?,?,?,2,0,1,1,0,6,0,1,2,?,?,?,0,?,?,?,?,?,?,0,0,0,0,?,?,1
Brenneripollis,peroreticulatus,1,?,0,0,0,0,1,?,?,?,3,0,1,1,0,6,?,?,2,?,?,?,0,?,?,?,?,?,?,0,0,0,0,?,?,1
Brenneripollis,potomacensis,1,?,0,0,0,0,1,?,?,?,2,0,1,1,0,6,?,?,2,?,?,?,0,?,?,?,?,?,?,0,0,0,0,?,?,1
Brenneripollis,textus,1,?,0,0,0,0,1,?,0,?,2,0,1,1,0,6,0,1,2,?,?,?,0,?,?,?,?,?,?,0,0,0,0,?,1,1
Caprifolipites,acopus,5,2,0,0,0,1,0,0,1,?,2,?,1,1,2,6,?,1,0,?,?,?,0,?,?,?,?,?,?,3,9,1,1,1,0,1
Casuarinidites,convexus,9,0,0,0,0,2,1,2,?,?,1,0,1,?,?,?,?,?,?,?,?,?,1,1,1,?,?,0,0,4,0,2,0,2,?,?
Choanopollenites,consanguinus,9,0,0,0,0,2,1,2,0,?,2,?,0,?,?,?,?,?,?,?,?,?,1,3,0,0,0,1,0,4,0,2,0,2,1,?
Choanopollenites,discipulus,9,0,0,0,0,2,1,?,?,?,2,?,1,1,2,1,?,?,?,?,?,?,1,3,0,0,0,1,0,4,0,2,0,?,?,1
Clavatipollenites,hughesii,1,?,0,0,0,0,1,?,1,?,1,0,1,0,?,6,0,1,0,?,?,?,0,?,?,?,?,?,?,0,0,0,0,0,0,0
Clavatipollenites,minutus,1,?,0,0,0,0,0,?,?,?,?,?,1,1,0,6,0,1,2,0,?,?,0,?,?,?,?,?,?,0,0,0,1,0,?,1
Clavatipollenites,sp. A (Doyle and Robbins 1977),1,?,0,?,0,0,1,?,?,?,?,?,1,0,?,6,0,1,2,?,?,?,?,?,?,?,?,?,?,0,0,0,0,0,?,0
Clavatipollenites,tenellus,1,?,0,0,0,2,1,?,?,?,?,0,1,0,?,6,0,1,1,?,?,?,?,?,?,?,?,?,?,0,0,1,0,0,?,0
Complexiopollis,abditus,9,0,0,0,0,2,1,2,?,?,0,?,0,?,?,?,?,?,?,?,?,?,1,4,0,1,0,1,0,4,0,2,0,2,?,?
Complexiopollis,exigua,9,0,0,0,0,2,1,?,?,?,1,?,1,?,?,0,?,?,?,?,?,?,1,2,0,0,0,1,0,4,0,2,0,?,?,?
Complexiopollis,funiculus,9,0,0,0,0,2,1,3,1,?,1,?,1,0,?,0,?,?,?,?,?,?,1,3,?,1,0,1,0,4,0,2,0,3,0,0
Complexiopollis,microverrucosus,9,0,0,0,0,2,1,3,?,?,1,?,1,0,?,1,?,?,?,?,?,?,1,4,?,1,0,1,0,4,0,2,0,3,?,0
Complexiopollis,patulus,9,0,0,0,0,2,1,3,1,?,0,?,0,?,?,?,?,?,?,?,?,?,1,4,0,0,0,1,0,4,0,2,0,3,0,?
Cranwellia,bacata,4,2,0,0,0,2,1,?,?,?,?,?,1,?,?,?,?,?,?,1,6,?,0,?,?,?,?,?,?,1,0,2,0,?,?,?
Cranwellia,rumseyensis,5,2,0,0,0,2,1,?,?,?,?,?,1,0,?,?,?,?,?,1,6,?,0,?,?,?,?,?,?,3,0,2,0,?,?,0
Cranwellia,striata,5,2,0,0,0,2,1,3,?,?,?,?,1,0,?,6,?,1,0,1,6,?,0,?,?,?,?,?,?,3,0,2,0,3,?,0
Cupanieidites,carlquistii,C,?,0,0,0,2,1,?,?,?,1,?,1,0,?,6,0,1,2,?,?,?,0,?,?,?,?,?,?,3,0,2,0,?,?,0
Cupanieidites,major,C,?,0,0,0,2,1,?,?,?,1,?,1,0,?,6,?,1,?,?,?,?,0,?,?,?,?,?,?,3,0,2,0,?,?,0
Cupanieidites,reticularis,C,?,0,0,0,2,1,?,?,?,?,1,1,0,?,6,?,?,2,?,?,?,0,?,?,?,?,?,?,3,0,2,0,?,?,0
Cupuliferoidaepollenites,levitas,4,2,0,0,0,1,1,1,1,?,1,?,0,?,?,?,?,?,?,?,?,?,0,?,?,?,?,?,?,1,0,1,0,0,0,?
Cupuliferoidaepollenites,mutabilis,4,2,0,0,0,2,1,2,?,?,0,?,1,1,2,0,?,?,?,?,?,?,0,?,?,?,?,?,?,1,0,2,0,2,?,1
Cupuliferoidaepollenites,parvulus,4,2,0,0,0,1,0,0,0,?,1,?,0,?,?,?,?,?,?,?,?,?,0,?,?,?,?,?,?,1,0,1,1,1,1,?
Cyrillaceaepollenites,megaexactus,5,2,0,0,0,2,1,?,?,?,0,?,1,?,?,0,?,?,?,?,?,?,?,?,?,?,?,?,?,3,0,2,0,?,?,?
Dichastopollenites,dunveganensis,B,?,0,0,0,0,?,1,2,?,2,?,1,0,?,6,0,1,2,0,?,?,0,?,?,?,?,?,?,?,0,0,?,0,1,0
Dicotetradites,granulatus,8,?,?,0,1,?,1,?,?,?,0,?,1,?,?,0,?,?,?,?,?,?,?,?,?,?,?,?,?,?,1,?,0,?,?,?
Dryadopollis,argus,5,2,0,0,0,1,1,2,1,?,1,0,1,1,5,6,?,1,1,0,?,?,0,?,?,?,?,?,?,3,0,1,0,2,0,1
Dryadopollis,vestalis,5,2,0,0,0,1,1,?,1,?,2,0,1,1,5,6,?,1,2,?,?,?,0,?,?,?,?,?,?,3,0,1,0,?,0,1
Echimonocolpites,acanthus,1,?,0,0,0,0,2,?,?,?,1,0,1,0,?,?,?,0,?,1,4,?,0,?,?,?,?,?,?,0,0,0,1,0,?,0
Echimonocolpites,spinosus,1,?,0,0,0,0,2,?,?,?,1,0,1,0,?,?,?,0,?,1,3,?,0,?,?,?,?,?,?,0,0,0,1,0,?,0
Endoinfundibulapollis,distinctus,9,0,0,0,0,2,1,?,?,?,0,?,0,?,?,?,?,?,?,?,?,?,1,3,0,0,0,1,0,4,0,2,0,?,?,?
Erdtmanipollis,procumbentiformis,A,5,0,0,0,1,2,1,2,?,2,0,1,0,?,6,?,1,2,1,7,?,0,?,?,?,?,?,?,4,0,1,1,0,1,0
Ericipites,rallus,4,0,?,0,1,?,1,?,?,?,0,?,1,?,?,0,?,?,?,?,?,?,0,?,?,?,?,?,?,1,1,?,0,?,?,?
Extremipollis,caminus,9,0,0,0,0,2,1,?,?,?,1,?,1,1,2,1,?,?,?,?,?,?,1,3,1,0,0,1,0,4,0,2,0,?,?,1
Extremipollis,versatilis,9,0,0,0,0,2,1,?,?,?,1,?,1,1,2,7,?,?,?,?,?,?,1,3,1,0,0,1,0,4,0,2,0,?,?,1
Extremipollis,visus,9,0,0,0,0,2,1,?,?,?,1,?,1,1,2,7,?,?,?,?,?,?,1,3,1,0,0,1,0,4,0,2,0,?,?,1
Foveotetradites,dignatus,4,2,0,0,1,?,1,?,?,?,1,0,1,1,5,6,?,?,0,?,?,?,0,?,?,?,?,?,?,1,1,?,0,?,?,1
Foveotetradites,fisulosus,4,2,0,0,1,3,1,?,1,?,2,0,1,1,5,6,?,1,0,?,?,?,0,?,?,?,?,?,?,1,1,2,0,?,0,1
Foveotricolpites,concinnus,4,2,0,0,0,?,1,0,1,?,1,0,1,1,?,6,0,1,0,?,?,?,1,?,?,?,?,?,?,1,0,?,0,1,0,1
Foveotricolpites,robustus,4,2,0,0,0,1,1,0,1,?,1,0,1,1,5,6,?,?,0,?,?,?,1,?,?,?,?,?,?,1,0,1,0,1,0,1
Foveotricolporites,callosus,5,2,0,0,0,2,1,0,1,?,2,0,1,1,5,6,?,1,0,?,?,?,1,?,?,?,?,?,?,3,0,2,0,1,0,1
Fraxinoipollenites,constrictus,4,2,0,0,0,?,1,0,1,?,1,?,1,0,?,6,0,1,1,?,?,?,?,?,?,?,?,?,?,1,0,?,0,1,0,0
Fraxinoipollenites,variabilis,4,2,0,0,0,?,1,0,1,?,1,?,1,0,?,6,?,1,0,?,?,?,0,?,?,?,?,?,?,1,0,?,0,1,0,0
Fraxinoipollenites,venustus,4,2,0,0,0,?,1,0,1,?,1,0,1,1,3,6,0,1,0,?,?,?,0,?,?,?,?,?,?,1,0,?,0,1,0,1
Gemmatricolpites,gemmatus,4,2,?,0,0,1,0,0,1,?,1,?,1,1,0,2,?,?,?,?,?,?,?,?,?,?,?,?,?,1,0,1,1,1,0,1
Grewipollenites,canadensis,4,2,0,0,0,1,1,2,?,?,?,?,1,0,?,5,?,?,?,?,?,?,0,?,?,?,?,?,?,1,0,1,0,2,?,0
Grewipollenites,radiatus,4,2,0,0,0,1,0,?,?,?,1,?,1,0,?,5,?,?,?,?,?,?,0,?,?,?,?,?,?,1,0,1,1,?,?,0
Haloragacidites,quadratus,A,0,0,0,0,4,1,?,?,?,0,?,1,?,?,0,?,?,?,?,?,?,1,?,0,?,0,0,0,4,0,3,0,?,?,?
Hammenia,fredericksburgensis,6,0,0,0,0,1,1,2,1,?,1,?,1,0,?,6,?,1,0,1,0,?,0,?,?,?,?,?,?,1,0,1,0,2,0,0
Holkopollenites,chemardensis,5,2,0,0,0,2,2,2,?,?,?,1,1,1,?,4,?,?,?,?,?,?,?,?,?,?,?,?,?,3,0,2,1,2,?,1
Inaperturotetradites,scabratus,0,?,?,0,1,1,1,1,1,?,0,?,1,0,?,0,?,?,?,?,?,?,?,?,?,?,?,?,?,?,1,1,0,0,0,0
Interpollis,paleocenicus,A,1,0,0,0,2,1,?,?,?,1,?,1,1,1,?,?,0,?,1,?,?,0,1,1,0,0,1,0,4,0,2,0,?,?,1
Kurtzipites,annulatus,5,0,0,0,0,2,1,2,?,?,?,?,1,?,?,6,?,?,0,?,?,?,1,?,?,?,?,?,?,3,0,2,0,2,?,?
Kurtzipites,circularis,9,0,0,0,0,1,1,2,?,?,0,?,1,?,?,0,?,?,?,?,?,?,1,?,0,0,0,0,0,4,0,1,0,2,?,?
Kurtzipites,trispissatus,5,0,0,0,0,2,1,2,1,?,1,?,1,?,?,?,?,0,?,1,3,?,2,?,?,?,?,?,?,3,0,2,0,2,0,?
Libopollis,jarzenii,D,2,1,0,0,1,1,?,?,?,1,0,1,1,5,6,0,1,2,0,?,?,?,?,?,?,?,?,?,3,0,1,0,?,?,1
Liliacidites,altimurus,1,?,0,0,0,0,1,?,?,?,3,0,1,1,?,6,?,?,2,?,?,?,0,?,?,?,?,?,?,0,0,0,0,0,?,1
Liliacidites,complexus,1,?,0,0,0,?,2,?,?,?,?,?,1,1,1,6,1,1,2,0,?,?,0,?,?,?,?,?,?,0,0,?,1,0,?,1
Liliacidites,dictyotus,1,?,0,0,0,0,1,?,?,?,1,0,1,1,6,6,?,?,2,?,?,?,0,?,?,?,?,?,?,0,0,0,0,0,?,1
Liliacidites,doylei,1,?,0,0,0,0,2,?,?,?,0,0,1,1,3,6,?,1,2,0,?,?,0,?,?,?,?,?,?,0,0,0,1,0,?,1
Liliacidites,giganteus,1,?,0,0,0,0,2,?,?,?,2,0,1,1,6,6,1,1,2,?,?,?,0,?,?,?,?,?,?,0,0,0,1,0,?,1
Liliacidites,inaequalis,1,?,0,0,0,0,2,?,?,?,1,1,1,1,3,6,0,1,2,?,?,?,0,?,?,?,?,?,?,0,0,0,1,0,?,1
Liliacidites,kiowaensis,1,?,0,0,0,0,1,?,?,?,1,0,1,1,2,6,?,1,2,?,?,?,0,?,?,?,?,?,?,0,0,0,0,0,?,1
Liliacidites,leei,1,?,0,0,0,0,1,2,?,?,0,?,1,1,3,6,?,?,2,?,?,?,0,?,?,?,?,?,?,0,0,0,0,0,?,1
Liliacidites,lenticularis,1,?,0,0,0,0,1,?,?,?,1,0,1,1,3,6,?,?,2,?,?,?,0,?,?,?,?,?,?,0,0,0,0,0,?,1
Liliacidites,magnus,1,?,0,0,0,0,2,?,?,?,1,0,1,1,6,6,1,1,0,1,0,?,0,?,?,?,?,?,?,0,0,0,1,0,?,1
Liliacidites,morrinensis,1,?,0,0,0,0,1,?,?,?,0,?,1,1,6,6,?,1,2,?,?,?,0,?,?,?,?,?,?,0,0,0,0,0,?,1
Liliacidites,sp. A (Doyle and Robbins 1977),1,?,0,?,0,0,1,?,?,?,?,?,1,1,3,6,?,1,2,?,?,?,?,?,?,?,?,?,?,0,0,0,0,0,?,1
Liliacidites,tectatus,1,?,0,0,0,1,1,?,?,?,1,0,1,1,1,6,?,?,2,?,?,?,?,?,?,?,?,?,?,0,0,1,0,0,?,1
Liliacidites,variegatus,1,?,0,0,0,0,1,?,?,?,1,1,1,1,3,6,?,?,2,?,?,?,0,?,?,?,?,?,?,0,0,0,0,0,?,1
Mancicorpus,calvus,4,?,0,0,0,2,2,6,1,1,2,?,1,1,?,6,?,1,?,1,3,0,2,?,?,?,?,?,?,1,0,2,1,3,0,1
Mancicorpus,tripodiformis,7,?,0,0,0,2,2,6,0,2,?,?,1,1,?,5,?,?,?,?,?,?,0,?,?,?,?,?,?,1,0,2,1,3,1,1
Margocolporites,cribellatus,5,2,0,0,0,1,1,2,?,?,1,0,1,0,?,6,?,1,0,0,?,?,1,?,?,?,?,?,?,3,0,1,0,2,?,0
Margocolporites,lihokus,5,2,0,0,0,1,2,2,?,?,2,1,1,1,5,6,?,1,2,0,?,?,1,?,?,?,?,?,?,3,0,1,1,2,?,1
Margocolporites,taylorii,5,2,0,0,0,1,1,?,?,?,?,?,1,0,?,6,?,1,2,1,0,?,1,?,?,?,?,?,?,3,0,1,0,?,?,0
Minorpollis,minima,9,0,0,0,0,2,0,?,?,?,?,?,0,?,?,?,?,?,?,?,?,?,1,3,0,0,0,?,0,4,0,2,1,?,?,?
Momipites,fragilis,9,0,0,0,0,2,0,?,?,?,0,1,1,1,2,0,?,?,?,?,?,?,0,1,0,0,0,0,0,4,0,2,1,?,?,1
Momipites,tenuipolus,9,0,0,0,0,2,0,2,?,?,?,?,1,?,?,?,?,?,?,?,?,?,1,?,?,0,0,0,0,4,0,2,1,2,?,?
Momipites,wyomingensis,9,0,0,0,0,2,1,2,?,?,0,?,1,0,?,0,?,?,?,?,?,?,1,1,0,0,0,0,0,4,0,2,0,2,?,0
Monosulcites,tectatus,1,?,0,0,0,0,1,?,?,?,1,0,1,0,?,6,?,1,?,1,0,?,0,?,?,?,?,?,?,0,0,0,0,?,?,0
Montanapollis,endannulatus,9,0,0,0,0,2,2,?,?,?,3,?,1,1,2,4,?,?,?,?,?,?,0,5,0,0,0,?,0,4,0,2,1,?,?,1
Myrtipites,granulatus,9,0,0,0,0,2,1,?,?,?,2,?,1,?,?,?,?,0,?,1,0,?,?,3,1,0,?,1,0,4,0,2,0,?,?,?
Myrtipites,scabratus,9,0,0,0,0,2,1,?,?,?,?,?,1,?,?,?,?,0,?,1,0,?,?,3,1,?,?,?,?,4,0,2,0,?,?,?
Nyssapollenites,albertensis,5,2,0,0,0,2,0,0,1,?,1,?,1,?,?,0,?,?,?,?,?,?,1,?,?,?,?,?,?,3,0,2,1,1,0,?
Nyssapollenites,analepticus,5,2,0,0,0,2,1,2,?,?,?,?,1,?,?,6,?,?,?,?,?,?,0,?,?,?,?,?,?,3,0,2,0,2,?,?
Nyssapollenites,nigricolpus,5,2,0,0,0,2,0,2,0,?,1,?,0,?,?,?,?,?,?,?,?,?,1,?,?,?,?,?,?,3,0,2,1,2,1,?
Nyssapollenites,psuedocruciatus,5,2,0,0,0,1,1,2,?,?,?,?,1,?,?,6,?,1,0,?,?,?,?,?,?,?,?,?,?,3,0,1,0,2,?,?
Nyssapollenites,triangulus,5,2,0,0,0,2,1,?,?,?,0,?,0,?,?,?,?,?,?,?,?,?,0,?,?,?,?,?,?,3,0,2,0,?,?,?
Osculapollis,aequalis,9,0,0,0,0,2,1,?,?,?,1,?,0,?,?,?,?,?,?,?,?,?,1,3,1,0,0,1,0,4,0,2,0,?,?,?
Osculapollis,perspectus,9,0,0,0,0,2,1,?,?,?,2,?,0,?,?,?,?,?,?,?,?,?,1,3,1,0,0,1,0,4,0,2,0,?,?,?
Palmidites,maximus,1,?,0,0,0,0,2,?,?,?,1,?,1,?,?,0,?,?,?,?,?,?,0,?,?,?,?,?,?,0,0,0,1,?,?,?
Pandaniidites,radicus,8,?,0,0,0,1,1,0,1,?,0,?,1,0,?,3,?,?,?,?,?,?,1,?,?,?,?,?,?,?,0,1,0,1,0,0
Phimopollenites,augathellaensis,4,2,1,0,0,1,1,0,1,?,1,0,1,0,?,6,?,1,0,0,?,?,0,?,?,?,?,?,?,2,0,1,0,1,0,0
Phimopollenites,megistus,4,0,1,0,0,1,1,0,1,?,1,0,1,0,?,6,0,1,1,?,?,?,0,?,?,?,?,?,?,2,0,1,0,1,0,0
Phimopollenites,pannosus,4,2,1,0,0,1,1,0,1,?,1,1,1,0,?,6,?,1,1,0,?,?,0,?,?,?,?,?,?,2,0,1,0,1,0,0
Phimopollenites,pseudocheros,4,0,1,0,0,1,1,0,?,?,1,0,1,0,?,6,?,1,0,0,?,?,0,?,?,?,?,?,?,2,0,1,0,1,?,0
Phimopollenites,tectatus,4,0,1,0,0,1,1,0,1,?,1,0,1,0,?,6,?,1,0,?,?,?,0,?,?,?,?,?,?,2,0,1,0,1,0,0
Plicapollis,incisus,9,0,0,0,0,2,1,?,?,?,2,1,1,?,?,?,?,?,?,?,?,?,1,3,0,0,1,1,0,4,0,2,0,?,?,?
Plicapollis,retusus,9,0,0,0,0,2,1,?,?,?,1,?,1,1,2,1,?,?,?,?,?,?,1,3,1,0,1,1,0,4,0,2,0,?,?,1
Plicapollis,rusticus,9,0,0,0,0,2,1,?,?,?,1,?,1,1,5,1,?,?,?,?,?,?,1,3,1,0,1,1,0,4,0,2,0,?,?,1
Plicapollis,usitatus,9,0,0,0,0,2,1,?,?,?,1,?,0,?,?,?,?,?,?,?,?,?,1,3,1,0,1,1,0,4,0,2,0,?,?,?
Plicapollis,vacuus,9,0,0,0,0,2,1,?,?,?,0,?,1,?,?,1,?,?,?,?,?,?,1,3,1,0,1,1,0,4,0,2,0,?,?,?
Polyadopollenites,psilatus,0,?,?,0,2,?,0,?,0,?,?,?,0,?,?,?,?,?,?,?,?,?,?,?,?,?,?,?,?,?,1,?,1,?,1,?
Polycolpites,granulatus,6,?,0,0,0,1,2,?,?,?,0,?,1,?,?,5,?,?,?,?,?,?,0,?,?,?,?,?,?,1,0,1,1,?,?,?
Rousea,delicipollis,4,2,0,0,0,1,1,?,?,?,1,0,1,1,5,6,?,1,0,0,?,?,0,?,?,?,?,?,?,1,0,1,0,?,?,1
Rousea,doylei,4,2,1,0,0,1,1,0,1,?,2,0,1,1,5,6,0,1,1,?,?,?,1,?,?,?,?,?,?,1,0,1,0,1,0,1
Rousea,duplibaculata,4,2,0,0,0,1,1,0,1,?,1,1,1,1,5,6,1,1,1,?,?,?,0,?,?,?,?,?,?,1,0,1,0,1,0,1
Rousea,georgensis,4,2,0,0,0,1,1,0,1,?,1,0,1,1,1,6,0,1,1,0,?,?,0,?,?,?,?,?,?,1,0,1,0,1,0,1
Rousea,iconica,4,2,0,0,1,1,1,0,0,?,0,0,1,1,5,6,?,1,0,0,?,?,?,?,?,?,?,?,?,1,1,1,0,1,1,1
Rousea,marthae,4,2,0,0,0,1,1,0,1,?,1,0,1,1,5,6,2,1,2,?,?,?,0,?,?,?,?,?,?,1,0,1,0,1,0,1
Rousea,miculipollis,4,2,0,0,0,2,1,0,1,?,1,0,1,1,5,6,?,1,2,0,?,?,0,?,?,?,?,?,?,1,0,2,0,1,0,1
Rousea,prosimilis,4,2,0,0,0,?,0,0,1,?,0,?,1,1,1,6,?,?,2,0,?,?,0,?,?,?,?,?,?,1,0,?,1,1,0,1
Rousea,regia,4,2,1,0,0,1,1,1,?,?,2,0,1,1,5,6,0,1,2,?,?,?,1,?,?,?,?,?,?,1,0,1,0,0,?,1
Rousea,retiformis,4,0,0,0,0,1,0,?,1,?,1,0,1,1,5,6,?,1,2,?,?,?,0,?,?,?,?,?,?,1,0,1,1,?,0,1
Rousea,scitula,4,2,0,0,0,1,1,0,1,?,1,0,1,1,5,6,?,1,2,?,?,?,1,?,?,?,?,?,?,1,0,1,0,1,0,1
Santalacites,minor,9,0,0,0,0,2,0,?,?,?,0,?,1,1,2,0,?,?,?,?,?,?,0,0,0,1,0,0,0,4,0,2,1,?,?,1
Satishia,candida,4,2,0,0,0,1,1,0,1,?,0,0,1,1,2,6,?,?,2,?,?,?,0,?,?,?,?,?,?,1,0,1,0,1,0,1
Satishia,compacta,4,2,0,0,0,1,1,0,1,?,?,?,1,1,2,6,?,1,2,?,?,?,0,?,?,?,?,?,?,1,0,1,0,1,0,1
Satishia,glyceia,4,2,0,0,0,1,1,?,?,?,1,0,1,1,2,6,1,1,2,?,?,?,0,?,?,?,?,?,?,1,0,1,0,?,?,1
Semioculopollis,verrucosus,9,0,0,0,0,2,1,?,?,?,2,0,1,1,2,1,?,?,?,?,?,?,1,4,0,0,0,0,1,4,0,2,0,?,?,1
Senectotetradites,fenestralis,4,?,0,0,0,1,1,?,?,?,4,0,1,1,?,4,0,?,2,?,?,?,1,?,?,?,?,?,?,1,1,1,0,?,?,1
Senectotetradites,festivus,4,?,0,0,0,1,1,?,?,?,3,1,1,1,5,4,?,?,2,?,?,?,1,?,?,?,?,?,?,1,1,1,0,?,?,1
Senectotetradites,grossu,4,0,0,0,0,?,1,?,?,?,3,?,1,1,5,6,?,1,1,?,?,?,0,?,?,?,?,?,?,1,1,?,0,?,?,1
Senectotetradites,verireticulatus,4,0,0,0,0,1,1,?,1,?,3,0,1,1,5,6,0,1,2,0,?,?,0,?,?,?,?,?,?,1,1,1,0,?,0,1
Senipites,usapollis,5,2,0,0,0,3,1,?,?,?,2,0,1,1,2,6,0,1,2,0,?,?,?,?,?,?,?,?,?,3,0,2,0,?,?,1
Siberiapollis,montanensis,9,0,0,0,0,2,2,3,2,?,3,?,1,1,2,4,?,?,?,?,?,?,2,3,0,0,0,?,0,4,0,2,1,3,1,1
Simpsonipollis,mullensis,5,2,0,0,0,1,1,0,1,?,?,0,1,0,?,6,?,1,?,?,?,?,0,?,?,?,?,?,?,3,0,1,0,1,0,0
Sindorapollis,granulatus,4,3,0,0,0,2,1,?,1,?,0,?,1,?,?,?,?,0,?,1,0,?,?,?,?,?,?,?,?,1,0,2,0,?,0,?
Singhipollis,orbiculatus,2,?,0,0,0,1,1,?,?,?,?,?,1,1,2,6,?,?,2,?,?,?,0,?,?,?,?,?,?,1,0,1,0,?,?,1
Smilipollis,sp. B (Doyle and Robbins 1977),1,?,0,?,0,0,1,?,?,?,?,?,1,1,1,6,?,1,1,?,?,?,?,?,?,?,?,?,?,0,0,0,0,0,?,1
Stellapollis,barghoornii,1,?,0,0,0,0,2,?,?,?,3,0,1,1,?,6,1,1,2,1,2,?,0,?,?,?,?,?,?,0,0,0,1,0,?,1
Stellapollis,largissimus,1,?,0,0,0,0,2,?,?,?,4,0,1,0,?,6,?,1,2,1,2,?,0,?,?,?,?,?,?,0,0,0,1,0,?,0
Stellapollis,sp. (Doyle and Robbins 1977),1,?,0,?,0,?,1,?,?,?,?,?,1,?,?,6,?,1,?,1,7,?,?,?,?,?,?,?,?,0,0,?,0,0,?,?
Striatopollis,dubius,4,2,0,0,0,?,?,0,1,?,?,?,1,0,?,?,?,?,?,?,?,?,0,?,?,?,?,?,?,1,0,?,?,1,0,0
Striatopollis,paraneus,4,2,0,0,0,3,0,0,1,?,0,?,1,0,?,6,?,?,?,?,?,?,0,?,?,?,?,?,?,1,0,2,1,1,0,0
Striatopollis,striatus,4,2,0,0,0,?,?,0,?,?,1,?,1,0,?,5,?,?,?,?,?,?,0,?,?,?,?,?,?,1,0,?,?,1,?,0
Striatopollis,tectatus,4,2,0,0,0,?,1,0,1,?,1,?,1,0,?,6,?,1,?,1,6,?,0,?,?,?,?,?,?,1,0,?,0,1,0,0
Striatopollis,trochuensis,4,2,0,0,0,1,1,0,1,?,0,0,1,0,?,5,?,?,?,?,?,?,0,?,?,?,?,?,?,1,0,1,0,1,0,0
Striatopollis,vermimurus,4,2,0,0,0,1,0,0,1,?,2,0,1,0,?,6,?,?,2,?,?,?,0,?,?,?,?,?,?,1,0,1,1,1,0,0
Subtriporopollenites,alpinus,9,1,0,0,0,1,1,?,?,?,1,?,1,0,?,1,?,?,?,?,?,?,1,?,0,0,0,0,0,4,0,1,0,?,?,0
Thomsonipollis,expolitus,9,0,0,0,0,1,1,?,?,?,1,?,0,?,?,?,?,?,?,?,?,?,?,1,0,0,0,0,0,4,0,1,0,?,?,?
Thomsonipollis,magnificus,9,0,0,0,0,1,1,?,?,?,1,?,1,0,?,4,?,?,?,?,?,?,?,1,0,0,0,0,0,4,0,1,0,?,?,0
Triatriopollenites,costatus,9,0,0,0,0,2,1,2,?,?,0,?,0,?,?,?,?,?,?,?,?,?,1,1,0,1,0,0,0,4,0,2,0,2,?,?
Tricolpites,albiensis,4,2,0,0,0,3,0,?,0,?,0,1,1,0,?,6,?,1,?,?,?,?,0,?,?,?,?,?,?,1,0,2,1,?,1,0
Tricolpites,amplifissus,4,2,0,0,0,1,1,?,1,?,1,0,1,0,?,6,?,?,0,?,?,?,0,?,?,?,?,?,?,1,0,1,0,?,0,0
Tricolpites,bacustriatus,4,2,0,0,0,1,1,?,?,?,1,?,1,0,?,5,?,?,?,?,?,?,0,?,?,?,?,?,?,1,0,1,0,?,?,0
Tricolpites,bathyreticulatus,4,2,0,0,0,1,1,1,1,?,1,?,1,?,?,6,?,1,2,?,?,?,0,?,?,?,?,?,?,1,0,1,0,0,0,?
Tricolpites,blechrus,4,2,0,0,0,1,1,?,0,?,1,1,1,1,0,6,?,1,2,1,0,?,0,?,?,?,?,?,?,1,0,1,0,?,1,1
Tricolpites,confossipollis,4,2,0,0,0,3,0,0,1,?,0,0,1,1,0,6,0,1,1,0,?,?,0,?,?,?,?,?,?,1,0,2,1,1,0,1
Tricolpites,debilis,4,2,0,0,0,1,0,0,0,?,0,0,1,0,?,6,?,1,0,?,?,?,0,?,?,?,?,?,?,1,0,1,1,1,1,0
Tricolpites,delicatulus,4,2,0,0,0,?,1,0,1,?,?,0,1,?,?,6,?,1,0,?,?,?,0,?,?,?,?,?,?,1,0,?,0,1,0,?
Tricolpites,dettmanniae,4,2,0,0,0,1,0,0,0,?,1,0,1,1,0,6,?,1,2,1,1,?,0,?,?,?,?,?,?,1,0,1,1,1,1,1
Tricolpites,favosus,4,2,0,0,0,1,0,0,1,?,1,1,1,0,?,6,0,1,1,?,?,?,?,0,?,?,?,?,?,1,0,1,1,1,0,0
Tricolpites,floricolus,4,?,0,0,0,3,1,?,1,?,0,0,1,0,?,6,?,1,0,?,?,?,0,?,?,?,?,?,?,1,0,2,0,?,0,0
Tricolpites,foveolatus,4,2,0,0,0,1,1,2,?,?,0,?,1,?,?,6,?,?,?,?,?,?,0,?,?,?,?,?,?,1,0,1,0,2,?,?
Tricolpites,fragosus,4,2,0,0,0,?,0,0,0,?,1,0,1,1,6,6,?,1,0,?,?,?,?,0,?,?,?,?,?,1,0,?,1,1,1,1
Tricolpites,hians,4,2,0,0,0,3,1,0,1,?,1,1,1,0,?,6,0,1,0,?,?,?,0,?,?,?,?,?,?,1,0,2,0,1,0,0
Tricolpites,hyphantos,4,2,0,0,0,2,1,2,1,?,?,?,1,1,1,6,?,?,2,?,?,?,0,?,?,?,?,?,?,1,0,2,0,2,0,1
Tricolpites,maximus,4,2,0,0,0,1,?,0,1,?,2,0,1,0,?,6,0,1,1,?,?,?,0,?,?,?,?,?,?,1,0,1,?,1,0,0
Tricolpites,micromunus,4,2,0,0,0,1,0,0,0,?,1,0,1,1,2,6,?,1,0,0,?,?,0,?,?,?,?,?,?,1,0,1,1,1,1,1
Tricolpites,minutus,4,2,0,0,0,2,0,0,0,?,0,1,1,0,?,6,0,1,0,0,?,?,0,?,?,?,?,?,?,1,0,2,1,1,1,0
Tricolpites,mitis,4,2,0,0,0,1,1,?,1,?,0,1,1,0,?,6,0,1,2,?,?,?,?,0,?,?,?,?,?,1,0,1,0,?,0,0
Tricolpites,nemejcii,4,2,0,0,0,3,1,?,1,?,1,0,1,0,?,6,?,1,1,?,?,?,0,?,?,?,?,?,?,1,0,2,0,?,0,0
Tricolpites,parvistriatus,4,2,0,0,0,1,1,?,?,?,1,?,1,?,?,5,?,?,?,?,?,?,0,?,?,?,?,?,?,1,0,1,0,?,?,?
Tricolpites,psilascabratus,4,2,?,0,0,1,1,2,?,?,0,?,1,?,?,0,?,?,?,?,?,?,0,?,?,?,?,?,?,1,0,1,0,2,?,?
Tricolpites,reticulatus,4,2,0,0,0,3,1,?,1,?,0,?,1,0,?,6,0,1,1,0,?,?,0,?,?,?,?,?,?,1,0,2,0,?,0,0
Tricolpites,ringens,4,?,0,0,0,3,1,?,?,?,0,0,1,0,?,6,?,1,?,?,?,?,0,?,?,?,?,?,?,1,0,2,0,?,?,0
Tricolpites,sagax,4,2,0,0,0,1,1,0,1,?,?,0,1,1,0,6,?,1,0,?,?,?,0,?,?,?,?,?,?,1,0,1,0,1,0,1
Tricolpites,sp. A (Doyle and Robbins 1977),4,2,0,0,0,?,?,0,?,?,?,?,1,0,?,6,?,1,1,?,?,?,?,?,?,?,?,?,?,1,0,?,?,1,?,0
Tricolpites,varius,4,2,0,0,0,1,1,2,?,?,1,?,1,?,?,6,?,?,?,?,?,?,0,?,?,?,?,?,?,1,0,1,9,2,?,?
Tricolpites,virgeus,4,2,0,0,0,1,1,0,?,?,1,0,1,0,?,6,0,1,1,?,?,?,0,?,?,?,?,?,?,1,0,1,0,1,?,0
Tricolpites,vulgaris,4,2,0,0,0,1,1,0,1,?,1,0,1,0,?,6,0,1,1,?,?,?,0,?,?,?,?,?,?,1,0,1,0,1,0,0
Tricolpopollenites,clavireticulatus,4,0,0,0,0,?,0,2,1,?,?,?,1,1,5,6,?,1,2,?,?,?,?,?,?,?,?,?,?,1,0,?,1,2,0,1
Tricolpopollenites,microreticulatus,4,2,0,0,0,?,0,2,0,?,1,?,1,?,?,6,?,?,?,?,?,?,?,?,?,?,?,?,?,1,0,?,1,2,1,?
Tricolpopollenites,microscabratus,4,2,0,0,0,?,1,0,1,?,0,?,1,?,?,0,?,?,?,?,?,?,?,?,?,?,?,?,?,1,0,?,0,1,0,?
Tricolpopollenites,prolatus,4,2,0,0,0,?,0,0,1,?,1,?,1,?,?,4,?,?,?,?,?,?,?,?,?,?,?,?,?,1,0,?,1,1,0,?
Tricolpopollenites,tesselatus,4,2,0,0,0,1,0,0,0,?,0,?,1,1,0,5,?,?,?,?,?,?,0,?,?,?,?,?,?,1,0,1,1,1,1,1
Tricolporites,rhomboides,5,2,0,0,0,2,1,0,1,?,1,?,1,0,?,?,?,0,?,1,0,?,?,?,?,?,?,?,?,3,0,2,0,1,0,0
Tricolporoidites,bohemicus,5,0,0,0,0,2,0,1,0,?,1,1,1,1,5,6,?,1,2,?,?,?,?,?,?,?,?,?,?,2,0,2,1,0,1,1
Tricolporoidites,eximius,5,2,0,0,0,3,0,?,?,?,?,?,1,1,2,6,0,1,?,?,?,?,0,?,?,?,?,?,?,2,0,2,1,?,?,1
Tricolporoidites,minimus,5,0,0,0,0,?,0,?,0,?,1,0,1,0,3,6,?,1,?,?,?,?,0,?,?,?,?,?,?,2,0,?,1,?,1,0
Tricolporoidites,nubiginus,5,2,0,0,0,1,0,1,0,?,1,0,1,0,?,6,?,1,0,?,?,?,0,?,?,?,?,?,?,2,0,1,1,0,1,0
Tricolporoidites,pacltovae,5,2,0,0,0,1,0,?,0,?,1,1,1,1,5,6,?,?,2,?,?,?,0,?,?,?,?,?,?,2,0,1,1,?,1,1
Tricolporoidites,robbinsiae,5,2,0,0,0,1,0,0,0,?,1,0,1,1,3,6,?,1,0,?,?,?,0,?,?,?,?,?,?,2,0,1,1,1,1,1
Tricolporoidites,sordidus,5,2,0,0,0,1,0,0,0,?,0,0,1,1,3,6,?,?,2,?,?,?,0,?,?,?,?,?,?,2,0,1,1,1,1,1
Tricolporopollenites,elongatus,5,2,0,0,0,?,0,0,1,?,?,?,1,0,?,6,?,?,?,?,?,?,1,?,?,?,?,?,?,3,0,?,1,1,0,0
Tricolporopollenites,foveotectatus,5,2,0,0,0,?,0,0,1,?,2,?,1,?,?,6,?,1,0,?,?,?,1,?,?,?,?,?,?,3,0,?,1,1,0,?
Tricolporopollenites,granustriatus,5,0,0,0,0,2,1,?,?,?,1,?,1,?,?,5,?,?,?,?,?,?,?,?,?,?,?,?,?,3,0,2,0,?,?,?
Tricolporopollenites,prolatus,5,2,0,0,0,?,0,0,1,?,?,?,?,?,?,?,?,?,?,0,?,?,?,?,?,?,?,?,?,3,0,?,1,1,0,?
Tricolporopollenites,sp. D (Wolfe et al. 1975),5,2,0,0,0,1,1,0,2,?,1,0,1,1,5,6,?,?,0,?,?,?,1,?,?,?,?,?,?,3,0,1,0,1,1,1
Tricolporopollenites,striatus,5,2,0,0,0,?,1,0,1,?,1,?,1,?,?,5,?,?,?,?,?,?,?,?,?,?,?,?,?,3,0,?,0,1,0,?
Triporopollenites,coryloides,9,0,0,0,0,2,1,2,?,?,0,?,1,?,?,0,?,?,?,?,?,?,1,?,0,0,0,0,0,4,0,2,0,2,?,?
Triporopollenites,rugatus,9,0,0,0,0,1,1,2,?,?,?,?,1,?,?,0,?,?,?,?,?,?,1,?,?,?,?,?,?,4,0,1,0,2,?,?
Trudopollis,cf. artifex,9,0,0,0,0,2,1,?,?,?,3,?,1,1,2,7,?,?,?,?,?,?,1,4,1,0,0,1,?,4,0,2,0,?,?,1
Trudopollis,variabilis,9,0,0,0,0,2,1,?,?,?,1,?,1,?,?,1,?,?,?,?,?,?,1,4,0,0,0,1,0,4,0,2,0,?,?,?
Tubifloridites,lilliei,4,2,0,0,0,1,1,0,2,?,1,?,1,0,?,0,?,?,?,?,?,?,0,?,?,?,?,?,?,1,0,1,0,1,1,0
Ulmipollenites,planeraeformis,A,0,0,0,0,4,1,2,?,?,0,?,1,?,?,1,?,?,?,?,?,?,1,0,0,1,0,0,0,4,0,3,0,2,?,?
Ulmipollenites,tricostatus,9,0,0,0,0,2,1,2,?,?,0,?,1,?,?,1,?,?,?,?,?,?,1,0,0,1,0,0,0,4,0,2,0,2,?,?
Ulmipollenites,undulosus,A,0,0,0,0,4,1,2,?,?,?,?,1,?,?,5,?,?,?,?,?,?,1,0,0,1,0,0,0,4,0,3,0,2,?,?
Ulmipollenites,verrucatus,A,0,0,0,0,4,1,2,?,?,?,?,1,?,?,1,?,?,?,?,?,?,1,?,0,1,0,0,0,4,0,3,0,2,?,?
Vacuopollis,munitus,9,0,0,0,0,2,1,?,?,?,2,?,1,1,2,7,?,?,?,?,?,?,1,1,0,0,0,1,0,4,0,2,0,?,?,1
Virgo,amiantopollis,4,?,0,0,1,1,1,?,?,?,0,0,1,0,?,6,?,0,?,1,0,?,0,?,?,?,?,?,?,1,1,1,0,?,?,0
Vitipites,affluens,5,2,0,0,0,2,1,2,?,?,1,1,1,?,?,?,?,?,?,?,?,?,0,?,?,?,?,?,?,3,0,2,0,2,?,?
Wodehouseia,fimbriata,A,4,0,0,0,0,2,2,1,?,?,?,1,?,?,?,?,?,?,?,?,?,0,?,?,?,?,?,?,?,0,0,1,2,0,?
Wodehouseia,spinata,A,4,0,0,0,0,2,2,?,?,?,0,1,1,1,6,?,1,0,1,5,?,?,?,?,?,?,?,?,?,0,0,1,2,?,1